{
  "products": [
    {
      "related_products": [
        {
          "price": 174,
          "description": "Consequat incididunt qui sunt aliqua veniam deserunt dolore elit deserunt ad. Id culpa do tempor nisi mollit voluptate aute minim reprehenderit.",
          "title": "ad Lorem occaecat qui",
          "picture": "img/sample_images/products/2.jpeg",
          "_id": 0
        },
        {
          "price": 171,
          "description": "Cillum amet eu do sit labore et qui in aliqua minim est non. Pariatur ipsum fugiat elit ut magna cupidatat consectetur sint veniam ut.",
          "title": "irure occaecat occaecat quis",
          "picture": "img/sample_images/products/1.jpeg",
          "_id": 1
        },
        {
          "price": 349,
          "description": "Occaecat Lorem cupidatat id voluptate nulla ut enim velit esse. Voluptate culpa consectetur exercitation qui ea et nisi officia enim aute duis ullamco.",
          "title": "culpa duis ex minim",
          "picture": "img/sample_images/products/6.jpeg",
          "_id": 2
        },
        {
          "price": 159,
          "description": "Et laborum nulla labore sint ad magna cupidatat veniam. Sint Lorem duis proident non magna.",
          "title": "cupidatat sunt cupidatat excepteur",
          "picture": "img/sample_images/products/7.jpeg",
          "_id": 3
        },
        {
          "price": 147,
          "description": "Nulla reprehenderit cillum et ullamco eiusmod eu quis do sint. Ex occaecat proident ullamco cillum ipsum laboris deserunt voluptate veniam pariatur.",
          "title": "aliquip irure culpa excepteur",
          "picture": "img/sample_images/products/4.jpeg",
          "_id": 4
        },
        {
          "price": 375,
          "description": "Adipisicing ut aliquip ullamco aute ipsum excepteur occaecat. Cupidatat consequat dolor qui veniam reprehenderit ex dolore.",
          "title": "laborum quis mollit eiusmod",
          "picture": "img/sample_images/products/6.jpeg",
          "_id": 5
        }
      ],
      "price": 142,
      "description": "Adipisicing occaecat dolor enim enim ad amet eiusmod minim consectetur fugiat eu amet minim esse. Proident aliquip in nisi in et.",
      "title": "non elit consectetur ex",
      "picture": "img/sample_images/products/1.jpeg",
      "_id": 0
    },
    {
      "related_products": [
        {
          "price": 174,
          "description": "Consequat incididunt qui sunt aliqua veniam deserunt dolore elit deserunt ad. Id culpa do tempor nisi mollit voluptate aute minim reprehenderit.",
          "title": "ad Lorem occaecat qui",
          "picture": "img/sample_images/products/2.jpeg",
          "_id": 0
        },
        {
          "price": 171,
          "description": "Cillum amet eu do sit labore et qui in aliqua minim est non. Pariatur ipsum fugiat elit ut magna cupidatat consectetur sint veniam ut.",
          "title": "irure occaecat occaecat quis",
          "picture": "img/sample_images/products/1.jpeg",
          "_id": 1
        },
        {
          "price": 349,
          "description": "Occaecat Lorem cupidatat id voluptate nulla ut enim velit esse. Voluptate culpa consectetur exercitation qui ea et nisi officia enim aute duis ullamco.",
          "title": "culpa duis ex minim",
          "picture": "img/sample_images/products/6.jpeg",
          "_id": 2
        },
        {
          "price": 159,
          "description": "Et laborum nulla labore sint ad magna cupidatat veniam. Sint Lorem duis proident non magna.",
          "title": "cupidatat sunt cupidatat excepteur",
          "picture": "img/sample_images/products/7.jpeg",
          "_id": 3
        },
        {
          "price": 147,
          "description": "Nulla reprehenderit cillum et ullamco eiusmod eu quis do sint. Ex occaecat proident ullamco cillum ipsum laboris deserunt voluptate veniam pariatur.",
          "title": "aliquip irure culpa excepteur",
          "picture": "img/sample_images/products/4.jpeg",
          "_id": 4
        },
        {
          "price": 375,
          "description": "Adipisicing ut aliquip ullamco aute ipsum excepteur occaecat. Cupidatat consequat dolor qui veniam reprehenderit ex dolore.",
          "title": "laborum quis mollit eiusmod",
          "picture": "img/sample_images/products/6.jpeg",
          "_id": 5
        }
      ],
      "price": 160,
      "description": "Veniam anim ullamco occaecat do ex adipisicing qui. Mollit ipsum duis dolor non proident in.",
      "title": "ipsum exercitation Lorem ea",
      "picture": "img/sample_images/products/5.jpeg",
      "_id": 1
    },
    {
      "related_products": [
        {
          "price": 174,
          "description": "Consequat incididunt qui sunt aliqua veniam deserunt dolore elit deserunt ad. Id culpa do tempor nisi mollit voluptate aute minim reprehenderit.",
          "title": "ad Lorem occaecat qui",
          "picture": "img/sample_images/products/2.jpeg",
          "_id": 0
        },
        {
          "price": 171,
          "description": "Cillum amet eu do sit labore et qui in aliqua minim est non. Pariatur ipsum fugiat elit ut magna cupidatat consectetur sint veniam ut.",
          "title": "irure occaecat occaecat quis",
          "picture": "img/sample_images/products/1.jpeg",
          "_id": 1
        },
        {
          "price": 349,
          "description": "Occaecat Lorem cupidatat id voluptate nulla ut enim velit esse. Voluptate culpa consectetur exercitation qui ea et nisi officia enim aute duis ullamco.",
          "title": "culpa duis ex minim",
          "picture": "img/sample_images/products/6.jpeg",
          "_id": 2
        },
        {
          "price": 159,
          "description": "Et laborum nulla labore sint ad magna cupidatat veniam. Sint Lorem duis proident non magna.",
          "title": "cupidatat sunt cupidatat excepteur",
          "picture": "img/sample_images/products/7.jpeg",
          "_id": 3
        },
        {
          "price": 147,
          "description": "Nulla reprehenderit cillum et ullamco eiusmod eu quis do sint. Ex occaecat proident ullamco cillum ipsum laboris deserunt voluptate veniam pariatur.",
          "title": "aliquip irure culpa excepteur",
          "picture": "img/sample_images/products/4.jpeg",
          "_id": 4
        },
        {
          "price": 375,
          "description": "Adipisicing ut aliquip ullamco aute ipsum excepteur occaecat. Cupidatat consequat dolor qui veniam reprehenderit ex dolore.",
          "title": "laborum quis mollit eiusmod",
          "picture": "img/sample_images/products/6.jpeg",
          "_id": 5
        }
      ],
      "price": 273,
      "description": "Laborum non aliquip cupidatat amet ad exercitation nostrud reprehenderit. Sit aute reprehenderit do reprehenderit et deserunt elit reprehenderit aliqua est sunt commodo eiusmod.",
      "title": "do in reprehenderit et",
      "picture": "img/sample_images/products/3.jpeg",
      "_id": 2
    },
    {
      "related_products": [
        {
          "price": 174,
          "description": "Consequat incididunt qui sunt aliqua veniam deserunt dolore elit deserunt ad. Id culpa do tempor nisi mollit voluptate aute minim reprehenderit.",
          "title": "ad Lorem occaecat qui",
          "picture": "img/sample_images/products/2.jpeg",
          "_id": 0
        },
        {
          "price": 171,
          "description": "Cillum amet eu do sit labore et qui in aliqua minim est non. Pariatur ipsum fugiat elit ut magna cupidatat consectetur sint veniam ut.",
          "title": "irure occaecat occaecat quis",
          "picture": "img/sample_images/products/1.jpeg",
          "_id": 1
        },
        {
          "price": 349,
          "description": "Occaecat Lorem cupidatat id voluptate nulla ut enim velit esse. Voluptate culpa consectetur exercitation qui ea et nisi officia enim aute duis ullamco.",
          "title": "culpa duis ex minim",
          "picture": "img/sample_images/products/6.jpeg",
          "_id": 2
        },
        {
          "price": 159,
          "description": "Et laborum nulla labore sint ad magna cupidatat veniam. Sint Lorem duis proident non magna.",
          "title": "cupidatat sunt cupidatat excepteur",
          "picture": "img/sample_images/products/7.jpeg",
          "_id": 3
        },
        {
          "price": 147,
          "description": "Nulla reprehenderit cillum et ullamco eiusmod eu quis do sint. Ex occaecat proident ullamco cillum ipsum laboris deserunt voluptate veniam pariatur.",
          "title": "aliquip irure culpa excepteur",
          "picture": "img/sample_images/products/4.jpeg",
          "_id": 4
        },
        {
          "price": 375,
          "description": "Adipisicing ut aliquip ullamco aute ipsum excepteur occaecat. Cupidatat consequat dolor qui veniam reprehenderit ex dolore.",
          "title": "laborum quis mollit eiusmod",
          "picture": "img/sample_images/products/6.jpeg",
          "_id": 5
        }
      ],
      "price": 25,
      "description": "Eu consequat pariatur exercitation voluptate deserunt exercitation nulla elit aute voluptate in velit. Duis magna amet duis dolor consequat irure nulla est elit incididunt ipsum tempor.",
      "title": "et amet occaecat est",
      "picture": "img/sample_images/products/7.jpeg",
      "_id": 3
    },
    {
      "related_products": [
        {
          "price": 174,
          "description": "Consequat incididunt qui sunt aliqua veniam deserunt dolore elit deserunt ad. Id culpa do tempor nisi mollit voluptate aute minim reprehenderit.",
          "title": "ad Lorem occaecat qui",
          "picture": "img/sample_images/products/2.jpeg",
          "_id": 0
        },
        {
          "price": 171,
          "description": "Cillum amet eu do sit labore et qui in aliqua minim est non. Pariatur ipsum fugiat elit ut magna cupidatat consectetur sint veniam ut.",
          "title": "irure occaecat occaecat quis",
          "picture": "img/sample_images/products/1.jpeg",
          "_id": 1
        },
        {
          "price": 349,
          "description": "Occaecat Lorem cupidatat id voluptate nulla ut enim velit esse. Voluptate culpa consectetur exercitation qui ea et nisi officia enim aute duis ullamco.",
          "title": "culpa duis ex minim",
          "picture": "img/sample_images/products/6.jpeg",
          "_id": 2
        },
        {
          "price": 159,
          "description": "Et laborum nulla labore sint ad magna cupidatat veniam. Sint Lorem duis proident non magna.",
          "title": "cupidatat sunt cupidatat excepteur",
          "picture": "img/sample_images/products/7.jpeg",
          "_id": 3
        },
        {
          "price": 147,
          "description": "Nulla reprehenderit cillum et ullamco eiusmod eu quis do sint. Ex occaecat proident ullamco cillum ipsum laboris deserunt voluptate veniam pariatur.",
          "title": "aliquip irure culpa excepteur",
          "picture": "img/sample_images/products/4.jpeg",
          "_id": 4
        },
        {
          "price": 375,
          "description": "Adipisicing ut aliquip ullamco aute ipsum excepteur occaecat. Cupidatat consequat dolor qui veniam reprehenderit ex dolore.",
          "title": "laborum quis mollit eiusmod",
          "picture": "img/sample_images/products/6.jpeg",
          "_id": 5
        }
      ],
      "price": 357,
      "description": "Aliquip anim ad qui voluptate exercitation mollit nostrud sint consequat consequat culpa eu. Ipsum excepteur velit qui velit dolore in.",
      "title": "non ullamco incididunt in",
      "picture": "img/sample_images/products/8.jpeg",
      "_id": 4
    },
    {
      "related_products": [
        {
          "price": 174,
          "description": "Consequat incididunt qui sunt aliqua veniam deserunt dolore elit deserunt ad. Id culpa do tempor nisi mollit voluptate aute minim reprehenderit.",
          "title": "ad Lorem occaecat qui",
          "picture": "img/sample_images/products/2.jpeg",
          "_id": 0
        },
        {
          "price": 171,
          "description": "Cillum amet eu do sit labore et qui in aliqua minim est non. Pariatur ipsum fugiat elit ut magna cupidatat consectetur sint veniam ut.",
          "title": "irure occaecat occaecat quis",
          "picture": "img/sample_images/products/1.jpeg",
          "_id": 1
        },
        {
          "price": 349,
          "description": "Occaecat Lorem cupidatat id voluptate nulla ut enim velit esse. Voluptate culpa consectetur exercitation qui ea et nisi officia enim aute duis ullamco.",
          "title": "culpa duis ex minim",
          "picture": "img/sample_images/products/6.jpeg",
          "_id": 2
        },
        {
          "price": 159,
          "description": "Et laborum nulla labore sint ad magna cupidatat veniam. Sint Lorem duis proident non magna.",
          "title": "cupidatat sunt cupidatat excepteur",
          "picture": "img/sample_images/products/7.jpeg",
          "_id": 3
        },
        {
          "price": 147,
          "description": "Nulla reprehenderit cillum et ullamco eiusmod eu quis do sint. Ex occaecat proident ullamco cillum ipsum laboris deserunt voluptate veniam pariatur.",
          "title": "aliquip irure culpa excepteur",
          "picture": "img/sample_images/products/4.jpeg",
          "_id": 4
        },
        {
          "price": 375,
          "description": "Adipisicing ut aliquip ullamco aute ipsum excepteur occaecat. Cupidatat consequat dolor qui veniam reprehenderit ex dolore.",
          "title": "laborum quis mollit eiusmod",
          "picture": "img/sample_images/products/6.jpeg",
          "_id": 5
        }
      ],
      "price": 191,
      "description": "Laboris eiusmod labore veniam magna Lorem laborum ex adipisicing irure veniam cupidatat. Aliqua nostrud qui sunt nulla commodo aliquip ipsum duis commodo quis.",
      "title": "sint ea eu cillum",
      "picture": "img/sample_images/products/8.jpeg",
      "_id": 5
    },
    {
      "related_products": [
        {
          "price": 174,
          "description": "Consequat incididunt qui sunt aliqua veniam deserunt dolore elit deserunt ad. Id culpa do tempor nisi mollit voluptate aute minim reprehenderit.",
          "title": "ad Lorem occaecat qui",
          "picture": "img/sample_images/products/2.jpeg",
          "_id": 0
        },
        {
          "price": 171,
          "description": "Cillum amet eu do sit labore et qui in aliqua minim est non. Pariatur ipsum fugiat elit ut magna cupidatat consectetur sint veniam ut.",
          "title": "irure occaecat occaecat quis",
          "picture": "img/sample_images/products/1.jpeg",
          "_id": 1
        },
        {
          "price": 349,
          "description": "Occaecat Lorem cupidatat id voluptate nulla ut enim velit esse. Voluptate culpa consectetur exercitation qui ea et nisi officia enim aute duis ullamco.",
          "title": "culpa duis ex minim",
          "picture": "img/sample_images/products/6.jpeg",
          "_id": 2
        },
        {
          "price": 159,
          "description": "Et laborum nulla labore sint ad magna cupidatat veniam. Sint Lorem duis proident non magna.",
          "title": "cupidatat sunt cupidatat excepteur",
          "picture": "img/sample_images/products/7.jpeg",
          "_id": 3
        },
        {
          "price": 147,
          "description": "Nulla reprehenderit cillum et ullamco eiusmod eu quis do sint. Ex occaecat proident ullamco cillum ipsum laboris deserunt voluptate veniam pariatur.",
          "title": "aliquip irure culpa excepteur",
          "picture": "img/sample_images/products/4.jpeg",
          "_id": 4
        },
        {
          "price": 375,
          "description": "Adipisicing ut aliquip ullamco aute ipsum excepteur occaecat. Cupidatat consequat dolor qui veniam reprehenderit ex dolore.",
          "title": "laborum quis mollit eiusmod",
          "picture": "img/sample_images/products/6.jpeg",
          "_id": 5
        }
      ],
      "price": 254,
      "description": "Eiusmod elit pariatur ea occaecat mollit. Culpa proident aliquip eiusmod do ipsum sit tempor aute aliquip esse veniam culpa occaecat culpa.",
      "title": "velit cillum velit quis",
      "picture": "img/sample_images/products/4.jpeg",
      "_id": 6
    },
    {
      "related_products": [
        {
          "price": 174,
          "description": "Consequat incididunt qui sunt aliqua veniam deserunt dolore elit deserunt ad. Id culpa do tempor nisi mollit voluptate aute minim reprehenderit.",
          "title": "ad Lorem occaecat qui",
          "picture": "img/sample_images/products/2.jpeg",
          "_id": 0
        },
        {
          "price": 171,
          "description": "Cillum amet eu do sit labore et qui in aliqua minim est non. Pariatur ipsum fugiat elit ut magna cupidatat consectetur sint veniam ut.",
          "title": "irure occaecat occaecat quis",
          "picture": "img/sample_images/products/1.jpeg",
          "_id": 1
        },
        {
          "price": 349,
          "description": "Occaecat Lorem cupidatat id voluptate nulla ut enim velit esse. Voluptate culpa consectetur exercitation qui ea et nisi officia enim aute duis ullamco.",
          "title": "culpa duis ex minim",
          "picture": "img/sample_images/products/6.jpeg",
          "_id": 2
        },
        {
          "price": 159,
          "description": "Et laborum nulla labore sint ad magna cupidatat veniam. Sint Lorem duis proident non magna.",
          "title": "cupidatat sunt cupidatat excepteur",
          "picture": "img/sample_images/products/7.jpeg",
          "_id": 3
        },
        {
          "price": 147,
          "description": "Nulla reprehenderit cillum et ullamco eiusmod eu quis do sint. Ex occaecat proident ullamco cillum ipsum laboris deserunt voluptate veniam pariatur.",
          "title": "aliquip irure culpa excepteur",
          "picture": "img/sample_images/products/4.jpeg",
          "_id": 4
        },
        {
          "price": 375,
          "description": "Adipisicing ut aliquip ullamco aute ipsum excepteur occaecat. Cupidatat consequat dolor qui veniam reprehenderit ex dolore.",
          "title": "laborum quis mollit eiusmod",
          "picture": "img/sample_images/products/6.jpeg",
          "_id": 5
        }
      ],
      "price": 157,
      "description": "Eu aute sit sit commodo eiusmod nisi. Enim ut et eu voluptate pariatur enim nisi in sit nisi.",
      "title": "Lorem fugiat velit aute",
      "picture": "img/sample_images/products/6.jpeg",
      "_id": 7
    },
    {
      "related_products": [
        {
          "price": 174,
          "description": "Consequat incididunt qui sunt aliqua veniam deserunt dolore elit deserunt ad. Id culpa do tempor nisi mollit voluptate aute minim reprehenderit.",
          "title": "ad Lorem occaecat qui",
          "picture": "img/sample_images/products/2.jpeg",
          "_id": 0
        },
        {
          "price": 171,
          "description": "Cillum amet eu do sit labore et qui in aliqua minim est non. Pariatur ipsum fugiat elit ut magna cupidatat consectetur sint veniam ut.",
          "title": "irure occaecat occaecat quis",
          "picture": "img/sample_images/products/1.jpeg",
          "_id": 1
        },
        {
          "price": 349,
          "description": "Occaecat Lorem cupidatat id voluptate nulla ut enim velit esse. Voluptate culpa consectetur exercitation qui ea et nisi officia enim aute duis ullamco.",
          "title": "culpa duis ex minim",
          "picture": "img/sample_images/products/6.jpeg",
          "_id": 2
        },
        {
          "price": 159,
          "description": "Et laborum nulla labore sint ad magna cupidatat veniam. Sint Lorem duis proident non magna.",
          "title": "cupidatat sunt cupidatat excepteur",
          "picture": "img/sample_images/products/7.jpeg",
          "_id": 3
        },
        {
          "price": 147,
          "description": "Nulla reprehenderit cillum et ullamco eiusmod eu quis do sint. Ex occaecat proident ullamco cillum ipsum laboris deserunt voluptate veniam pariatur.",
          "title": "aliquip irure culpa excepteur",
          "picture": "img/sample_images/products/4.jpeg",
          "_id": 4
        },
        {
          "price": 375,
          "description": "Adipisicing ut aliquip ullamco aute ipsum excepteur occaecat. Cupidatat consequat dolor qui veniam reprehenderit ex dolore.",
          "title": "laborum quis mollit eiusmod",
          "picture": "img/sample_images/products/6.jpeg",
          "_id": 5
        }
      ],
      "price": 43,
      "description": "Occaecat qui nostrud minim id eu sit minim et non. Consequat non do ullamco irure quis ex dolore nulla ipsum.",
      "title": "quis pariatur veniam ut",
      "picture": "img/sample_images/products/3.jpeg",
      "_id": 8
    },
    {
      "related_products": [
        {
          "price": 174,
          "description": "Consequat incididunt qui sunt aliqua veniam deserunt dolore elit deserunt ad. Id culpa do tempor nisi mollit voluptate aute minim reprehenderit.",
          "title": "ad Lorem occaecat qui",
          "picture": "img/sample_images/products/2.jpeg",
          "_id": 0
        },
        {
          "price": 171,
          "description": "Cillum amet eu do sit labore et qui in aliqua minim est non. Pariatur ipsum fugiat elit ut magna cupidatat consectetur sint veniam ut.",
          "title": "irure occaecat occaecat quis",
          "picture": "img/sample_images/products/1.jpeg",
          "_id": 1
        },
        {
          "price": 349,
          "description": "Occaecat Lorem cupidatat id voluptate nulla ut enim velit esse. Voluptate culpa consectetur exercitation qui ea et nisi officia enim aute duis ullamco.",
          "title": "culpa duis ex minim",
          "picture": "img/sample_images/products/6.jpeg",
          "_id": 2
        },
        {
          "price": 159,
          "description": "Et laborum nulla labore sint ad magna cupidatat veniam. Sint Lorem duis proident non magna.",
          "title": "cupidatat sunt cupidatat excepteur",
          "picture": "img/sample_images/products/7.jpeg",
          "_id": 3
        },
        {
          "price": 147,
          "description": "Nulla reprehenderit cillum et ullamco eiusmod eu quis do sint. Ex occaecat proident ullamco cillum ipsum laboris deserunt voluptate veniam pariatur.",
          "title": "aliquip irure culpa excepteur",
          "picture": "img/sample_images/products/4.jpeg",
          "_id": 4
        },
        {
          "price": 375,
          "description": "Adipisicing ut aliquip ullamco aute ipsum excepteur occaecat. Cupidatat consequat dolor qui veniam reprehenderit ex dolore.",
          "title": "laborum quis mollit eiusmod",
          "picture": "img/sample_images/products/6.jpeg",
          "_id": 5
        }
      ],
      "price": 318,
      "description": "Aliquip quis deserunt esse do velit adipisicing tempor commodo voluptate sunt amet anim. Aute aliquip ex ut labore reprehenderit commodo consectetur exercitation excepteur elit ea laborum quis.",
      "title": "velit minim nisi ex",
      "picture": "img/sample_images/products/1.jpeg",
      "_id": 9
    },
    {
      "related_products": [
        {
          "price": 174,
          "description": "Consequat incididunt qui sunt aliqua veniam deserunt dolore elit deserunt ad. Id culpa do tempor nisi mollit voluptate aute minim reprehenderit.",
          "title": "ad Lorem occaecat qui",
          "picture": "img/sample_images/products/2.jpeg",
          "_id": 0
        },
        {
          "price": 171,
          "description": "Cillum amet eu do sit labore et qui in aliqua minim est non. Pariatur ipsum fugiat elit ut magna cupidatat consectetur sint veniam ut.",
          "title": "irure occaecat occaecat quis",
          "picture": "img/sample_images/products/1.jpeg",
          "_id": 1
        },
        {
          "price": 349,
          "description": "Occaecat Lorem cupidatat id voluptate nulla ut enim velit esse. Voluptate culpa consectetur exercitation qui ea et nisi officia enim aute duis ullamco.",
          "title": "culpa duis ex minim",
          "picture": "img/sample_images/products/6.jpeg",
          "_id": 2
        },
        {
          "price": 159,
          "description": "Et laborum nulla labore sint ad magna cupidatat veniam. Sint Lorem duis proident non magna.",
          "title": "cupidatat sunt cupidatat excepteur",
          "picture": "img/sample_images/products/7.jpeg",
          "_id": 3
        },
        {
          "price": 147,
          "description": "Nulla reprehenderit cillum et ullamco eiusmod eu quis do sint. Ex occaecat proident ullamco cillum ipsum laboris deserunt voluptate veniam pariatur.",
          "title": "aliquip irure culpa excepteur",
          "picture": "img/sample_images/products/4.jpeg",
          "_id": 4
        },
        {
          "price": 375,
          "description": "Adipisicing ut aliquip ullamco aute ipsum excepteur occaecat. Cupidatat consequat dolor qui veniam reprehenderit ex dolore.",
          "title": "laborum quis mollit eiusmod",
          "picture": "img/sample_images/products/6.jpeg",
          "_id": 5
        }
      ],
      "price": 313,
      "description": "Esse veniam do tempor laboris nulla ea occaecat dolor elit mollit proident. Do velit qui deserunt irure est dolore irure nisi aliqua veniam.",
      "title": "ut consectetur exercitation sunt",
      "picture": "img/sample_images/products/8.jpeg",
      "_id": 10
    },
    {
      "related_products": [
        {
          "price": 174,
          "description": "Consequat incididunt qui sunt aliqua veniam deserunt dolore elit deserunt ad. Id culpa do tempor nisi mollit voluptate aute minim reprehenderit.",
          "title": "ad Lorem occaecat qui",
          "picture": "img/sample_images/products/2.jpeg",
          "_id": 0
        },
        {
          "price": 171,
          "description": "Cillum amet eu do sit labore et qui in aliqua minim est non. Pariatur ipsum fugiat elit ut magna cupidatat consectetur sint veniam ut.",
          "title": "irure occaecat occaecat quis",
          "picture": "img/sample_images/products/1.jpeg",
          "_id": 1
        },
        {
          "price": 349,
          "description": "Occaecat Lorem cupidatat id voluptate nulla ut enim velit esse. Voluptate culpa consectetur exercitation qui ea et nisi officia enim aute duis ullamco.",
          "title": "culpa duis ex minim",
          "picture": "img/sample_images/products/6.jpeg",
          "_id": 2
        },
        {
          "price": 159,
          "description": "Et laborum nulla labore sint ad magna cupidatat veniam. Sint Lorem duis proident non magna.",
          "title": "cupidatat sunt cupidatat excepteur",
          "picture": "img/sample_images/products/7.jpeg",
          "_id": 3
        },
        {
          "price": 147,
          "description": "Nulla reprehenderit cillum et ullamco eiusmod eu quis do sint. Ex occaecat proident ullamco cillum ipsum laboris deserunt voluptate veniam pariatur.",
          "title": "aliquip irure culpa excepteur",
          "picture": "img/sample_images/products/4.jpeg",
          "_id": 4
        },
        {
          "price": 375,
          "description": "Adipisicing ut aliquip ullamco aute ipsum excepteur occaecat. Cupidatat consequat dolor qui veniam reprehenderit ex dolore.",
          "title": "laborum quis mollit eiusmod",
          "picture": "img/sample_images/products/6.jpeg",
          "_id": 5
        }
      ],
      "price": 363,
      "description": "Cupidatat do ut cillum ea labore nostrud aliquip ex consequat excepteur. Commodo nostrud minim reprehenderit proident sunt nostrud fugiat sunt veniam sint aliqua.",
      "title": "anim adipisicing nisi consequat",
      "picture": "img/sample_images/products/3.jpeg",
      "_id": 11
    },
    {
      "related_products": [
        {
          "price": 174,
          "description": "Consequat incididunt qui sunt aliqua veniam deserunt dolore elit deserunt ad. Id culpa do tempor nisi mollit voluptate aute minim reprehenderit.",
          "title": "ad Lorem occaecat qui",
          "picture": "img/sample_images/products/2.jpeg",
          "_id": 0
        },
        {
          "price": 171,
          "description": "Cillum amet eu do sit labore et qui in aliqua minim est non. Pariatur ipsum fugiat elit ut magna cupidatat consectetur sint veniam ut.",
          "title": "irure occaecat occaecat quis",
          "picture": "img/sample_images/products/1.jpeg",
          "_id": 1
        },
        {
          "price": 349,
          "description": "Occaecat Lorem cupidatat id voluptate nulla ut enim velit esse. Voluptate culpa consectetur exercitation qui ea et nisi officia enim aute duis ullamco.",
          "title": "culpa duis ex minim",
          "picture": "img/sample_images/products/6.jpeg",
          "_id": 2
        },
        {
          "price": 159,
          "description": "Et laborum nulla labore sint ad magna cupidatat veniam. Sint Lorem duis proident non magna.",
          "title": "cupidatat sunt cupidatat excepteur",
          "picture": "img/sample_images/products/7.jpeg",
          "_id": 3
        },
        {
          "price": 147,
          "description": "Nulla reprehenderit cillum et ullamco eiusmod eu quis do sint. Ex occaecat proident ullamco cillum ipsum laboris deserunt voluptate veniam pariatur.",
          "title": "aliquip irure culpa excepteur",
          "picture": "img/sample_images/products/4.jpeg",
          "_id": 4
        },
        {
          "price": 375,
          "description": "Adipisicing ut aliquip ullamco aute ipsum excepteur occaecat. Cupidatat consequat dolor qui veniam reprehenderit ex dolore.",
          "title": "laborum quis mollit eiusmod",
          "picture": "img/sample_images/products/6.jpeg",
          "_id": 5
        }
      ],
      "price": 129,
      "description": "Fugiat tempor est sint nostrud nisi irure est. Sint cillum quis eu voluptate.",
      "title": "est quis excepteur aute",
      "picture": "img/sample_images/products/1.jpeg",
      "_id": 12
    },
    {
      "related_products": [
        {
          "price": 174,
          "description": "Consequat incididunt qui sunt aliqua veniam deserunt dolore elit deserunt ad. Id culpa do tempor nisi mollit voluptate aute minim reprehenderit.",
          "title": "ad Lorem occaecat qui",
          "picture": "img/sample_images/products/2.jpeg",
          "_id": 0
        },
        {
          "price": 171,
          "description": "Cillum amet eu do sit labore et qui in aliqua minim est non. Pariatur ipsum fugiat elit ut magna cupidatat consectetur sint veniam ut.",
          "title": "irure occaecat occaecat quis",
          "picture": "img/sample_images/products/1.jpeg",
          "_id": 1
        },
        {
          "price": 349,
          "description": "Occaecat Lorem cupidatat id voluptate nulla ut enim velit esse. Voluptate culpa consectetur exercitation qui ea et nisi officia enim aute duis ullamco.",
          "title": "culpa duis ex minim",
          "picture": "img/sample_images/products/6.jpeg",
          "_id": 2
        },
        {
          "price": 159,
          "description": "Et laborum nulla labore sint ad magna cupidatat veniam. Sint Lorem duis proident non magna.",
          "title": "cupidatat sunt cupidatat excepteur",
          "picture": "img/sample_images/products/7.jpeg",
          "_id": 3
        },
        {
          "price": 147,
          "description": "Nulla reprehenderit cillum et ullamco eiusmod eu quis do sint. Ex occaecat proident ullamco cillum ipsum laboris deserunt voluptate veniam pariatur.",
          "title": "aliquip irure culpa excepteur",
          "picture": "img/sample_images/products/4.jpeg",
          "_id": 4
        },
        {
          "price": 375,
          "description": "Adipisicing ut aliquip ullamco aute ipsum excepteur occaecat. Cupidatat consequat dolor qui veniam reprehenderit ex dolore.",
          "title": "laborum quis mollit eiusmod",
          "picture": "img/sample_images/products/6.jpeg",
          "_id": 5
        }
      ],
      "price": 288,
      "description": "Proident labore consectetur et excepteur minim. Aute eiusmod quis elit non tempor sunt officia consectetur sit occaecat consectetur fugiat fugiat consectetur.",
      "title": "esse aliqua minim sunt",
      "picture": "img/sample_images/products/8.jpeg",
      "_id": 13
    },
    {
      "related_products": [
        {
          "price": 174,
          "description": "Consequat incididunt qui sunt aliqua veniam deserunt dolore elit deserunt ad. Id culpa do tempor nisi mollit voluptate aute minim reprehenderit.",
          "title": "ad Lorem occaecat qui",
          "picture": "img/sample_images/products/2.jpeg",
          "_id": 0
        },
        {
          "price": 171,
          "description": "Cillum amet eu do sit labore et qui in aliqua minim est non. Pariatur ipsum fugiat elit ut magna cupidatat consectetur sint veniam ut.",
          "title": "irure occaecat occaecat quis",
          "picture": "img/sample_images/products/1.jpeg",
          "_id": 1
        },
        {
          "price": 349,
          "description": "Occaecat Lorem cupidatat id voluptate nulla ut enim velit esse. Voluptate culpa consectetur exercitation qui ea et nisi officia enim aute duis ullamco.",
          "title": "culpa duis ex minim",
          "picture": "img/sample_images/products/6.jpeg",
          "_id": 2
        },
        {
          "price": 159,
          "description": "Et laborum nulla labore sint ad magna cupidatat veniam. Sint Lorem duis proident non magna.",
          "title": "cupidatat sunt cupidatat excepteur",
          "picture": "img/sample_images/products/7.jpeg",
          "_id": 3
        },
        {
          "price": 147,
          "description": "Nulla reprehenderit cillum et ullamco eiusmod eu quis do sint. Ex occaecat proident ullamco cillum ipsum laboris deserunt voluptate veniam pariatur.",
          "title": "aliquip irure culpa excepteur",
          "picture": "img/sample_images/products/4.jpeg",
          "_id": 4
        },
        {
          "price": 375,
          "description": "Adipisicing ut aliquip ullamco aute ipsum excepteur occaecat. Cupidatat consequat dolor qui veniam reprehenderit ex dolore.",
          "title": "laborum quis mollit eiusmod",
          "picture": "img/sample_images/products/6.jpeg",
          "_id": 5
        }
      ],
      "price": 35,
      "description": "Do minim est non voluptate velit velit fugiat minim esse proident. Fugiat velit ipsum eiusmod ut.",
      "title": "minim mollit commodo est",
      "picture": "img/sample_images/products/5.jpeg",
      "_id": 14
    },
    {
      "related_products": [
        {
          "price": 174,
          "description": "Consequat incididunt qui sunt aliqua veniam deserunt dolore elit deserunt ad. Id culpa do tempor nisi mollit voluptate aute minim reprehenderit.",
          "title": "ad Lorem occaecat qui",
          "picture": "img/sample_images/products/2.jpeg",
          "_id": 0
        },
        {
          "price": 171,
          "description": "Cillum amet eu do sit labore et qui in aliqua minim est non. Pariatur ipsum fugiat elit ut magna cupidatat consectetur sint veniam ut.",
          "title": "irure occaecat occaecat quis",
          "picture": "img/sample_images/products/1.jpeg",
          "_id": 1
        },
        {
          "price": 349,
          "description": "Occaecat Lorem cupidatat id voluptate nulla ut enim velit esse. Voluptate culpa consectetur exercitation qui ea et nisi officia enim aute duis ullamco.",
          "title": "culpa duis ex minim",
          "picture": "img/sample_images/products/6.jpeg",
          "_id": 2
        },
        {
          "price": 159,
          "description": "Et laborum nulla labore sint ad magna cupidatat veniam. Sint Lorem duis proident non magna.",
          "title": "cupidatat sunt cupidatat excepteur",
          "picture": "img/sample_images/products/7.jpeg",
          "_id": 3
        },
        {
          "price": 147,
          "description": "Nulla reprehenderit cillum et ullamco eiusmod eu quis do sint. Ex occaecat proident ullamco cillum ipsum laboris deserunt voluptate veniam pariatur.",
          "title": "aliquip irure culpa excepteur",
          "picture": "img/sample_images/products/4.jpeg",
          "_id": 4
        },
        {
          "price": 375,
          "description": "Adipisicing ut aliquip ullamco aute ipsum excepteur occaecat. Cupidatat consequat dolor qui veniam reprehenderit ex dolore.",
          "title": "laborum quis mollit eiusmod",
          "picture": "img/sample_images/products/6.jpeg",
          "_id": 5
        }
      ],
      "price": 281,
      "description": "Sit sint ad laborum Lorem ea exercitation dolore officia enim elit eu. Laboris dolore sint Lorem sit elit proident.",
      "title": "sit fugiat aliqua nostrud",
      "picture": "img/sample_images/products/3.jpeg",
      "_id": 15
    }
  ],
  "posts": [
    {
      "liked": false,
      "comments": 5,
      "likes": 7,
      "text": "Laboris dolore aliquip ipsum nostrud quis culpa excepteur cillum labore ad excepteur sit.",
      "picture": "img/sample_images/2.jpeg",
      "date": 1429935138465,
      "id": 0,
      "userId": 5
    },
    {
      "liked": true,
      "comments": 2,
      "likes": 5,
      "text": "Laborum dolore proident minim esse id est et labore aliquip.",
      "picture": "img/sample_images/3.jpeg",
      "date": 1431899904735,
      "id": 1,
      "userId": 8
    },
    {
      "liked": true,
      "comments": 34,
      "likes": 10,
      "text": "Exercitation minim commodo id ea labore excepteur quis laboris.",
      "picture": "img/sample_images/2.jpeg",
      "date": 1432186116161,
      "id": 2,
      "userId": 4
    },
    {
      "liked": false,
      "comments": 22,
      "likes": 67,
      "text": "Dolore adipisicing minim magna aliqua aliquip qui minim elit.",
      "picture": "img/sample_images/2.jpeg",
      "date": 1436764441096,
      "id": 3,
      "userId": 1
    },
    {
      "liked": false,
      "comments": 12,
      "likes": 30,
      "text": "Non ad amet eiusmod aute eiusmod sint reprehenderit duis consectetur labore eu proident exercitation eiusmod.",
      "picture": "img/sample_images/2.jpeg",
      "date": 1433493539467,
      "id": 4,
      "userId": 9
    },
    {
      "liked": true,
      "comments": 6,
      "likes": 56,
      "text": "Duis ullamco tempor incididunt aute est.",
      "picture": "img/sample_images/7.jpeg",
      "date": 1436240676401,
      "id": 5,
      "userId": 4
    },
    {
      "liked": false,
      "comments": 21,
      "likes": 22,
      "text": "Ad nisi sunt irure sit aliquip aliqua dolor ullamco aliquip excepteur anim.",
      "picture": "img/sample_images/6.jpeg",
      "date": 1435779475898,
      "id": 6,
      "userId": 6
    },
    {
      "liked": true,
      "comments": 47,
      "likes": 55,
      "text": "Nisi dolore dolore ea nulla.",
      "picture": "img/sample_images/1.jpeg",
      "date": 1432907411972,
      "id": 7,
      "userId": 8
    },
    {
      "liked": true,
      "comments": 0,
      "likes": 1,
      "text": "Ullamco deserunt dolore est irure et commodo nostrud consectetur minim.",
      "picture": "img/sample_images/6.jpeg",
      "date": 1433820295758,
      "id": 8,
      "userId": 6
    },
    {
      "liked": true,
      "comments": 33,
      "likes": 11,
      "text": "Et laborum commodo dolore Lorem.",
      "picture": "img/sample_images/2.jpeg",
      "date": 1435166274846,
      "id": 9,
      "userId": 8
    },
    {
      "liked": true,
      "comments": 1,
      "likes": 33,
      "text": "Mollit qui officia in quis.",
      "picture": "img/sample_images/8.jpeg",
      "date": 1434028484430,
      "id": 10,
      "userId": 5
    },
    {
      "liked": false,
      "comments": 4,
      "likes": 89,
      "text": "Irure occaecat veniam ipsum exercitation officia.",
      "picture": "img/sample_images/6.jpeg",
      "date": 1430952015246,
      "id": 11,
      "userId": 3
    },
    {
      "liked": true,
      "comments": 7,
      "likes": 56,
      "text": "Ut deserunt qui aliqua veniam sint.",
      "picture": "img/sample_images/6.jpeg",
      "date": 1434667160801,
      "id": 12,
      "userId": 0
    },
    {
      "liked": true,
      "comments": 17,
      "likes": 34,
      "text": "Consectetur magna incididunt excepteur exercitation Lorem sunt commodo minim consectetur.",
      "picture": "img/sample_images/1.jpeg",
      "date": 1431160864064,
      "id": 13,
      "userId": 2
    },
    {
      "liked": false,
      "comments": 8,
      "likes": 27,
      "text": "Proident pariatur sit dolore irure sit est ad nostrud et proident eu officia.",
      "picture": "img/sample_images/8.jpeg",
      "date": 1431136477366,
      "id": 14,
      "userId": 5
    },
    {
      "liked": true,
      "comments": 31,
      "likes": 12,
      "text": "Lorem amet amet consequat dolore laboris eiusmod qui irure enim eiusmod amet incididunt.",
      "picture": "img/sample_images/4.jpeg",
      "date": 1433456207340,
      "id": 15,
      "userId": 6
    },
    {
      "liked": true,
      "comments": 18,
      "likes": 47,
      "text": "Nostrud dolore adipisicing consectetur nulla adipisicing incididunt deserunt.",
      "picture": "img/sample_images/8.jpeg",
      "date": 1436472553696,
      "id": 16,
      "userId": 6
    },
    {
      "liked": true,
      "comments": 15,
      "likes": 54,
      "text": "Sit aute ea enim consequat ex deserunt sit veniam cupidatat eu sint eiusmod ipsum.",
      "picture": "img/sample_images/2.jpeg",
      "date": 1430206511464,
      "id": 17,
      "userId": 0
    },
    {
      "liked": false,
      "comments": 12,
      "likes": 229,
      "text": "Consectetur ipsum deserunt et culpa ea qui elit exercitation fugiat non culpa nisi cupidatat in.",
      "picture": "img/sample_images/5.jpeg",
      "date": 1432783072907,
      "id": 18,
      "userId": 7
    },
    {
      "liked": false,
      "comments": 1,
      "likes": 5,
      "text": "Ut dolore nostrud occaecat nostrud nisi non dolore ea do adipisicing consequat.",
      "picture": "img/sample_images/9.jpeg",
      "date": 1435898998544,
      "id": 19,
      "userId": 6
    },
    {
      "liked": false,
      "comments": 5,
      "likes": 6,
      "text": "Id voluptate mollit velit nulla.",
      "picture": "img/sample_images/3.jpeg",
      "date": 1431151576013,
      "id": 20,
      "userId": 2
    },
    {
      "liked": true,
      "comments": 6,
      "likes": 3,
      "text": "Tempor reprehenderit anim labore elit fugiat id consectetur culpa ut dolor cupidatat.",
      "picture": "img/sample_images/4.jpeg",
      "date": 1435721700169,
      "id": 21,
      "userId": 1
    },
    {
      "liked": false,
      "comments": 85,
      "likes": 2,
      "text": "Eu ex officia enim veniam non cillum labore cillum Lorem deserunt adipisicing.",
      "picture": "img/sample_images/2.jpeg",
      "date": 1433807612242,
      "id": 22,
      "userId": 0
    },
    {
      "liked": false,
      "comments": 50,
      "likes": 22,
      "text": "Anim est sunt mollit ea aute tempor sunt adipisicing occaecat ad.",
      "picture": "img/sample_images/6.jpeg",
      "date": 1435132969929,
      "id": 23,
      "userId": 6
    }
  ],
  "users": [
    {
      "followers": 345,
      "following": 58,
      "about": "Design Lead of Project Fi. Love adventures, green tea, and the color pink.",
      "name": "Brynn Evans",
      "picture": "https://s3.amazonaws.com/uifaces/faces/twitter/brynn/128.jpg",
      "_id": 0
    },
    {
      "following": 1030,
      "followers": 1390,
      "about": "Do laboris adipisicing consequat reprehenderit consequat in sint sit duis tempor velit. Culpa in aliquip aliqua deserunt minim voluptate voluptate quis veniam tempor labore voluptate anim.",
      "name": "Jane Salas",
      "picture": "img/sample_images/people/5.jpeg",
      "_id": 1
    },
    {
      "following": 322,
      "followers": 57,
      "about": "Ad mollit irure consequat minim in aute laborum ad qui irure Lorem duis sint. Elit et id exercitation pariatur ad.",
      "name": "Mcbride Preston",
      "picture": "img/sample_images/people/4.jpeg",
      "_id": 2
    },
    {
      "following": 756,
      "followers": 1110,
      "about": "Pariatur cillum sit consequat sunt sint. Cillum esse enim nisi aute dolore irure aliquip consectetur culpa nisi dolore.",
      "name": "Jessica Hahn",
      "picture": "img/sample_images/people/3.jpeg",
      "_id": 3
    },
    {
      "following": 230,
      "followers": 1311,
      "about": "Magna est dolore nisi ad. Voluptate sint do tempor cupidatat irure incididunt occaecat laboris Lorem aliqua.",
      "name": "Jean Gilmore",
      "picture": "img/sample_images/people/1.jpeg",
      "_id": 4
    },
    {
      "following": 386,
      "followers": 433,
      "about": "Dolor officia laborum officia aliquip laboris eu pariatur id nisi officia elit fugiat. Ad consequat amet ipsum ullamco adipisicing officia.",
      "name": "Wendy Schwartz",
      "picture": "img/sample_images/people/4.jpeg",
      "_id": 5
    },
    {
      "following": 429,
      "followers": 1214,
      "about": "Velit veniam anim anim sint occaecat et cupidatat elit Lorem duis reprehenderit ea consectetur mollit. Eiusmod esse mollit minim exercitation dolor pariatur nulla anim enim.",
      "name": "Earnestine Lara",
      "picture": "img/sample_images/people/3.jpeg",
      "_id": 6
    },
    {
      "following": 452,
      "followers": 177,
      "about": "Irure reprehenderit amet aliquip nostrud adipisicing aute excepteur voluptate et culpa sunt voluptate eu laborum. Amet ipsum deserunt aliqua pariatur tempor occaecat sit exercitation eiusmod dolor minim anim velit dolor.",
      "name": "Patricia Martinez",
      "picture": "img/sample_images/people/4.jpeg",
      "_id": 7
    },
    {
      "following": 829,
      "followers": 254,
      "about": "Eiusmod ea aute minim laborum exercitation non non dolor anim dolore consectetur reprehenderit. Occaecat cillum occaecat non qui Lorem ipsum incididunt anim deserunt ipsum irure labore nulla enim.",
      "name": "Blake Hancock",
      "picture": "img/sample_images/people/4.jpeg",
      "_id": 8
    },
    {
      "following": 503,
      "followers": 971,
      "about": "Excepteur adipisicing magna quis dolore quis sit qui in dolor ut amet dolore. Mollit labore sint do proident irure dolor id commodo ex adipisicing.",
      "name": "Lowe Fox",
      "picture": "img/sample_images/people/5.jpeg",
      "_id": 9
    }
  ],
  "comments": [
    {"comment":"Nostrud commodo nostrud amet consectetur sint tempor ullamco eu et duis."},
    {"comment":"Laboris irure cillum consequat quis velit duis culpa minim exercitation nisi in ipsum consequat duis."},
    {"comment":"Sint eu culpa minim anim sit laborum proident ullamco officia culpa nostrud exercitation."},
    {"comment":"Adipisicing sunt id eu consectetur amet pariatur fugiat velit ea qui dolor."},
    {"comment":"Non eu incididunt exercitation amet ex eu."},
    {"comment":"Nisi enim ullamco Lorem reprehenderit magna incididunt voluptate."},
    {"comment":"Eiusmod labore incididunt mollit dolore exercitation dolor nostrud velit non in enim pariatur minim proident."},
    {"comment":"Ad laborum irure duis exercitation amet ipsum aliquip reprehenderit id dolor minim eu incididunt."},
    {"comment":"Nisi reprehenderit ut quis minim mollit."},
    {"comment":"Pariatur cillum ut proident ut aliquip nisi consequat esse ad et dolore ipsum veniam."},
    {"comment":"Deserunt minim qui cupidatat fugiat nulla officia."},
    {"comment":"Sit enim cupidatat aliquip qui ut id deserunt tempor incididunt fugiat."},
    {"comment":"Eiusmod dolore adipisicing laboris minim nisi ea qui occaecat culpa est."},
    {"comment":"Ad mollit adipisicing eu Lorem adipisicing in."},
    {"comment":"Dolor culpa pariatur culpa in amet occaecat incididunt."},
    {"comment":"Ea nostrud in irure id adipisicing officia consequat."},
    {"comment":"Nulla cillum ad velit qui fugiat dolor consequat velit qui laborum magna."},
    {"comment":"Et qui sunt dolor proident nostrud Lorem."},
    {"comment":"Do qui pariatur sint deserunt."},
    {"comment":"Officia et minim eu Lorem deserunt."}
  ]
}
